<application>
  <component name="ProjectJdkTable">
    <jdk version="2">
      <name value="Python 3.7 (for_charm)" />
      <type value="Python SDK" />
      <version value="Python 3.7.3" />
      <homePath value="C:\ProgramData\Anaconda3\python.exe" />
      <roots>
        <classPath>
          <root type="composite">
            <root url="file://C:/ProgramData/Anaconda3/DLLs" type="simple" />
            <root url="file://C:/ProgramData/Anaconda3/Lib" type="simple" />
            <root url="file://C:/ProgramData/Anaconda3/Lib/site-packages" type="simple" />
            <root url="file://C:/ProgramData/Anaconda3/Lib/site-packages/mlab-1.1.4-py3.7.egg" type="simple" />
            <root url="file://C:/ProgramData/Anaconda3/Lib/site-packages/win32" type="simple" />
            <root url="file://C:/ProgramData/Anaconda3/Lib/site-packages/win32/lib" type="simple" />
            <root url="file://C:/ProgramData/Anaconda3/Lib/site-packages/pythonwin" type="simple" />
            <root url="file://$USER_HOME$/AppData/Local/JetBrains/PyCharmCE2020.3/python_stubs/-313451744" type="simple" />
            <root url="file://$APPLICATION_HOME_DIR$/plugins/python-ce/helpers/python-skeletons" type="simple" />
            <root url="file://$APPLICATION_HOME_DIR$/plugins/python-ce/helpers/typeshed/stdlib/3.7" type="simple" />
            <root url="file://$APPLICATION_HOME_DIR$/plugins/python-ce/helpers/typeshed/stdlib/3" type="simple" />
            <root url="file://$APPLICATION_HOME_DIR$/plugins/python-ce/helpers/typeshed/stdlib/2and3" type="simple" />
            <root url="file://$APPLICATION_HOME_DIR$/plugins/python-ce/helpers/typeshed/third_party/3" type="simple" />
            <root url="file://$APPLICATION_HOME_DIR$/plugins/python-ce/helpers/typeshed/third_party/2and3" type="simple" />
          </root>
        </classPath>
        <sourcePath>
          <root type="composite" />
        </sourcePath>
      </roots>
      <additional />
    </jdk>
  </component>
</application>