<application>
  <component name="LightEdit">
    <option name="sessionFiles">
      <list>
        <option value="file://F:/browser_down/mine_polymatroid/main.tex" />
      </list>
    </option>
    <option name="supportedFilePatterns">
      <list>
        <option value="*.conf" />
        <option value="*.ini" />
        <option value="*.json" />
        <option value="*.log" />
        <option value="*.md" />
        <option value="*.sh" />
        <option value="*.txt" />
        <option value="*.xml" />
        <option value="*.yml" />
      </list>
    </option>
    <option name="frameInfo">
      <frame x="-8" y="-8" width="1400" height="1000" extendedState="6" />
    </option>
  </component>
</application>