<application>
  <component name="UpdatesConfigurable">
    <option name="CHECK_NEEDED" value="false" />
    <ignoredBuildNumbers>
      <item value="193.5233.109" />
      <item value="202.8194.22" />
      <item value="202.8194.15" />
      <item value="203.7148.72" />
      <item value="203.6682.179" />
      <item value="203.7717.62" />
      <item value="211.6693.114" />
      <item value="203.8084.11" />
      <item value="212.4746.93" />
      <item value="212.5712.21" />
      <item value="223.8214.51" />
    </ignoredBuildNumbers>
    <option name="LAST_BUILD_CHECKED" value="CL-212.5457.51" />
    <option name="LAST_TIME_CHECKED" value="1673753300631" />
    <pluginHosts>
      <item value="https://plugins.zhile.io" />
    </pluginHosts>
    <option name="PLUGINS_CHECK_NEEDED" value="false" />
    <option name="THIRD_PARTY_PLUGINS_ALLOWED" value="true" />
  </component>
</application>