<keymap version="1" name="Default copy" parent="$default">
  <action id="ActivateDebugToolWindow" />
  <action id="ActivateFavoritesToolWindow" />
  <action id="ActivateFindToolWindow" />
  <action id="ActivateMessagesToolWindow">
    <keyboard-shortcut first-keystroke="alt 5" />
  </action>
  <action id="ActivatePythonConsoleToolWindow">
    <keyboard-shortcut first-keystroke="alt 2" />
  </action>
  <action id="ActivateSciViewToolWindow">
    <keyboard-shortcut first-keystroke="alt 3" />
  </action>
  <action id="Build" />
  <action id="BuildProject">
    <keyboard-shortcut first-keystroke="ctrl f9" />
  </action>
  <action id="CIDR.Debugger.JumpToDebuggerConsole" />
  <action id="CompileDirty" />
  <action id="Console.Execute.Multiline" />
  <action id="Console.Open" />
  <action id="Console.TableResult.ColumnSortReset" />
  <action id="DirDiffMenu.SynchronizeDiff.All" />
  <action id="EditorSplitLine" />
  <action id="ExecuteInPyConsoleAction">
    <keyboard-shortcut first-keystroke="ctrl context_menu" />
  </action>
  <action id="GotoNextBookmark">
    <keyboard-shortcut first-keystroke="ctrl f11" />
  </action>
  <action id="GotoPreviousBookmark">
    <keyboard-shortcut first-keystroke="shift f11" />
  </action>
  <action id="HideAllWindows" />
  <action id="Jdbc.OpenConsole.Any" />
  <action id="JumpToNextChange">
    <keyboard-shortcut first-keystroke="shift ctrl alt back_space" />
  </action>
  <action id="RevealIn">
    <keyboard-shortcut first-keystroke="shift ctrl f12" />
  </action>
  <action id="Run">
    <keyboard-shortcut first-keystroke="shift ctrl f10" />
  </action>
  <action id="RunClass" />
  <action id="RunDashboard.Run" />
  <action id="ShowBookmarks" />
  <action id="ToggleBookmarkWithMnemonic" />
  <action id="ViewSource" />
  <action id="editRunConfigurations">
    <keyboard-shortcut first-keystroke="shift ctrl f11" />
  </action>
  <action id="runShellFileAction" />
</keymap>