<profile version="1.0" is_locked="true">
  <option name="myName" value="Default" />
  <inspection_tool class="AlphaUnsortedPropertiesFile" enabled="false" level="WEAK WARNING" enabled_by_default="false" />
  <inspection_tool class="AmdModulesDependencies" enabled="true" level="WEAK WARNING" enabled_by_default="true" />
  <inspection_tool class="AngularCliAddDependency" enabled="true" level="WARNING" enabled_by_default="true" />
  <inspection_tool class="Annotator" enabled="true" level="ERROR" enabled_by_default="true" />
  <inspection_tool class="AnonymousFunctionJS" enabled="false" level="WARNING" enabled_by_default="false" />
  <inspection_tool class="AppEngineDeprecatedRuntimeInspection" enabled="true" level="WARNING" enabled_by_default="true" />
  <inspection_tool class="AppEngineThreadsafeCGIHandlerInspection" enabled="true" level="WARNING" enabled_by_default="true" />
  <inspection_tool class="AppEngineThreadsafeInspection" enabled="true" level="WARNING" enabled_by_default="true" />
  <inspection_tool class="AssignmentResultUsedJS" enabled="false" level="WARNING" enabled_by_default="false" />
  <inspection_tool class="AssignmentToForLoopParameterJS" enabled="false" level="WARNING" enabled_by_default="false" />
  <inspection_tool class="AssignmentToFunctionParameterJS" enabled="false" level="WARNING" enabled_by_default="false" />
  <inspection_tool class="BadExpressionStatementJS" enabled="true" level="WARNING" enabled_by_default="true" />
  <inspection_tool class="BlockStatementJS" enabled="false" level="WARNING" enabled_by_default="false" />
  <inspection_tool class="BreakStatementJS" enabled="false" level="WARNING" enabled_by_default="false" />
  <inspection_tool class="BreakStatementWithLabelJS" enabled="false" level="WARNING" enabled_by_default="false" />
  <inspection_tool class="BuildoutUnresolvedPartInspection" enabled="true" level="WARNING" enabled_by_default="true" />
  <inspection_tool class="CallerJS" enabled="true" level="WARNING" enabled_by_default="true" />
  <inspection_tool class="ChainedEqualityJS" enabled="false" level="WARNING" enabled_by_default="false" />
  <inspection_tool class="ChainedFunctionCallJS" enabled="false" level="WARNING" enabled_by_default="false" />
  <inspection_tool class="CheckDtdRefs" enabled="true" level="ERROR" enabled_by_default="true" />
  <inspection_tool class="CheckEmptyScriptTag" enabled="true" level="WARNING" enabled_by_default="true" />
  <inspection_tool class="CheckImageSize" enabled="true" level="WARNING" enabled_by_default="true" />
  <inspection_tool class="CheckTagEmptyBody" enabled="true" level="WARNING" enabled_by_default="true" />
  <inspection_tool class="CheckValidXmlInScriptTagBody" enabled="true" level="ERROR" enabled_by_default="true" />
  <inspection_tool class="CheckXmlFileWithXercesValidator" enabled="true" level="ERROR" enabled_by_default="true" />
  <inspection_tool class="CoffeeScriptArgumentsOutsideFunction" enabled="true" level="WARNING" enabled_by_default="true" />
  <inspection_tool class="CoffeeScriptFunctionSignatures" enabled="true" level="WEAK WARNING" enabled_by_default="true" />
  <inspection_tool class="CoffeeScriptInfiniteLoop" enabled="true" level="WARNING" enabled_by_default="true" />
  <inspection_tool class="CoffeeScriptLiteralNotFunction" enabled="true" level="ERROR" enabled_by_default="true" />
  <inspection_tool class="CoffeeScriptModulesDependencies" enabled="true" level="WEAK WARNING" enabled_by_default="true" />
  <inspection_tool class="CoffeeScriptSillyAssignment" enabled="true" level="WARNING" enabled_by_default="true" />
  <inspection_tool class="CoffeeScriptSwitchStatementWithNoDefaultBranch" enabled="true" level="WARNING" enabled_by_default="true" />
  <inspection_tool class="CoffeeScriptUnusedLocalSymbols" enabled="true" level="WARNING" enabled_by_default="true" />
  <inspection_tool class="CommaExpressionJS" enabled="true" level="WARNING" enabled_by_default="true" />
  <inspection_tool class="CommandLineInspection" enabled="false" level="WARNING" enabled_by_default="false" />
  <inspection_tool class="ComposeUnknownKeys" enabled="true" level="ERROR" enabled_by_default="true" />
  <inspection_tool class="ComposeUnknownValues" enabled="true" level="ERROR" enabled_by_default="true" />
  <inspection_tool class="ConditionalExpressionJS" enabled="false" level="WARNING" enabled_by_default="false" />
  <inspection_tool class="ConditionalExpressionWithIdenticalBranchesJS" enabled="false" level="WARNING" enabled_by_default="false" />
  <inspection_tool class="ConfusingFloatingPointLiteralJS" enabled="false" level="WARNING" enabled_by_default="false" />
  <inspection_tool class="ConfusingPlusesOrMinusesJS" enabled="false" level="WARNING" enabled_by_default="false" />
  <inspection_tool class="ConstantConditionalExpressionJS" enabled="true" level="WARNING" enabled_by_default="true" />
  <inspection_tool class="ConstantIfStatementJS" enabled="true" level="WARNING" enabled_by_default="true" />
  <inspection_tool class="ConstantOnLHSOfComparisonJS" enabled="false" level="WARNING" enabled_by_default="false" />
  <inspection_tool class="ConstantOnRHSOfComparisonJS" enabled="false" level="WARNING" enabled_by_default="false" />
  <inspection_tool class="ContinueOrBreakFromFinallyBlockJS" enabled="true" level="WARNING" enabled_by_default="true" />
  <inspection_tool class="ContinueStatementJS" enabled="false" level="WARNING" enabled_by_default="false" />
  <inspection_tool class="ContinueStatementWithLabelJS" enabled="false" level="WARNING" enabled_by_default="false" />
  <inspection_tool class="CssConvertColorToHexInspection" enabled="false" level="WARNING" enabled_by_default="false" />
  <inspection_tool class="CssConvertColorToRgbInspection" enabled="false" level="WARNING" enabled_by_default="false" />
  <inspection_tool class="CssFloatPxLength" enabled="true" level="WEAK WARNING" enabled_by_default="true" />
  <inspection_tool class="CssInvalidAtRule" enabled="true" level="ERROR" enabled_by_default="true" />
  <inspection_tool class="CssInvalidCharsetRule" enabled="true" level="WARNING" enabled_by_default="true" />
  <inspection_tool class="CssInvalidElement" enabled="true" level="ERROR" enabled_by_default="true" />
  <inspection_tool class="CssInvalidFunction" enabled="true" level="ERROR" enabled_by_default="true" />
  <inspection_tool class="CssInvalidHtmlTagReference" enabled="true" level="WARNING" enabled_by_default="true" />
  <inspection_tool class="CssInvalidImport" enabled="true" level="WARNING" enabled_by_default="true" />
  <inspection_tool class="CssInvalidMediaFeature" enabled="true" level="ERROR" enabled_by_default="true" />
  <inspection_tool class="CssInvalidPropertyValue" enabled="true" level="ERROR" enabled_by_default="true" />
  <inspection_tool class="CssInvalidPseudoSelector" enabled="true" level="ERROR" enabled_by_default="true" />
  <inspection_tool class="CssMissingComma" enabled="true" level="WARNING" enabled_by_default="true" />
  <inspection_tool class="CssMissingSemicolon" enabled="false" level="WARNING" enabled_by_default="false" />
  <inspection_tool class="CssNegativeValue" enabled="true" level="ERROR" enabled_by_default="true" />
  <inspection_tool class="CssNoGenericFontName" enabled="true" level="WARNING" enabled_by_default="true" />
  <inspection_tool class="CssOptimizeSimilarProperties" enabled="true" level="WEAK WARNING" enabled_by_default="true" />
  <inspection_tool class="CssOverwrittenProperties" enabled="true" level="WARNING" enabled_by_default="true" />
  <inspection_tool class="CssRedundantUnit" enabled="true" level="WARNING" enabled_by_default="true" />
  <inspection_tool class="CssUnitlessNumber" enabled="true" level="WARNING" enabled_by_default="true" />
  <inspection_tool class="CssUnknownProperty" enabled="true" level="WARNING" enabled_by_default="true">
    <option name="myCustomPropertiesEnabled" value="false" />
    <option name="myIgnoreVendorSpecificProperties" value="false" />
    <option name="myCustomPropertiesList">
      <value>
        <list size="0" />
      </value>
    </option>
  </inspection_tool>
  <inspection_tool class="CssUnknownTarget" enabled="true" level="ERROR" enabled_by_default="true" />
  <inspection_tool class="CssUnresolvedClass" enabled="true" level="ERROR" enabled_by_default="true" />
  <inspection_tool class="CssUnresolvedCustomProperty" enabled="true" level="ERROR" enabled_by_default="true" />
  <inspection_tool class="CssUnresolvedCustomPropertySet" enabled="true" level="ERROR" enabled_by_default="true" />
  <inspection_tool class="CssUnusedSymbol" enabled="true" level="WARNING" enabled_by_default="true" />
  <inspection_tool class="CucumberExamplesColon" enabled="true" level="ERROR" enabled_by_default="true" />
  <inspection_tool class="CucumberMissedExamples" enabled="true" level="ERROR" enabled_by_default="true" />
  <inspection_tool class="CucumberTableInspection" enabled="true" level="WARNING" enabled_by_default="true" />
  <inspection_tool class="CucumberUndefinedStep" enabled="true" level="WARNING" enabled_by_default="true" />
  <inspection_tool class="CyclomaticComplexityJS" enabled="false" level="WARNING" enabled_by_default="false">
    <option name="m_limit" value="10" />
  </inspection_tool>
  <inspection_tool class="CythonUsageBeforeDeclarationInspection" enabled="false" level="WARNING" enabled_by_default="false" />
  <inspection_tool class="DebuggerStatementJS" enabled="false" level="WARNING" enabled_by_default="false" />
  <inspection_tool class="DefaultNotLastCaseInSwitchJS" enabled="false" level="WARNING" enabled_by_default="false" />
  <inspection_tool class="DivideByZeroJS" enabled="false" level="WARNING" enabled_by_default="false" />
  <inspection_tool class="DjangoBrokenLineCommentInspection" enabled="true" level="WARNING" enabled_by_default="true" />
  <inspection_tool class="DjangoCloseTagInspection" enabled="true" level="WARNING" enabled_by_default="true" />
  <inspection_tool class="DjangoIncompatibleInspection" enabled="true" level="WARNING" enabled_by_default="true" />
  <inspection_tool class="DjangoOrmInspection" enabled="true" level="WARNING" enabled_by_default="true" />
  <inspection_tool class="DjangoRelationInspection" enabled="true" level="WARNING" enabled_by_default="true" />
  <inspection_tool class="DjangoUnresolvedFilterInspection" enabled="true" level="WARNING" enabled_by_default="true" />
  <inspection_tool class="DjangoUnresolvedLoadInspection" enabled="true" level="WARNING" enabled_by_default="true" />
  <inspection_tool class="DjangoUnresolvedStaticReferenceInspection" enabled="true" level="WARNING" enabled_by_default="true" />
  <inspection_tool class="DjangoUnresolvedTagInspection" enabled="true" level="WARNING" enabled_by_default="true" />
  <inspection_tool class="DjangoUnresolvedTemplateReferenceInspection" enabled="true" level="WARNING" enabled_by_default="true" />
  <inspection_tool class="DjangoUnresolvedUrlInspection" enabled="false" level="WEAK WARNING" enabled_by_default="false" />
  <inspection_tool class="DjangoUrlArgumentsInspection" enabled="true" level="WARNING" enabled_by_default="true" />
  <inspection_tool class="DockerFileAddOrCopySemantic" enabled="true" level="WARNING" enabled_by_default="true" />
  <inspection_tool class="DockerFileArgumentCount" enabled="true" level="ERROR" enabled_by_default="true" />
  <inspection_tool class="DockerFileAssignments" enabled="true" level="ERROR" enabled_by_default="true" />
  <inspection_tool class="DocumentWriteJS" enabled="false" level="WARNING" enabled_by_default="false" />
  <inspection_tool class="DuplicateCaseLabelJS" enabled="true" level="WARNING" enabled_by_default="true" />
  <inspection_tool class="DuplicateConditionJS" enabled="false" level="WARNING" enabled_by_default="false" />
  <inspection_tool class="DuplicateKeyInSection" enabled="true" level="WARNING" enabled_by_default="true" />
  <inspection_tool class="DuplicatePropertyInspection" enabled="false" level="WARNING" enabled_by_default="false">
    <option name="CURRENT_FILE" value="true" />
    <option name="MODULE_WITH_DEPENDENCIES" value="false" />
    <option name="CHECK_DUPLICATE_VALUES" value="true" />
    <option name="CHECK_DUPLICATE_KEYS" value="true" />
    <option name="CHECK_DUPLICATE_KEYS_WITH_DIFFERENT_VALUES" value="true" />
  </inspection_tool>
  <inspection_tool class="DuplicateSectionInFile" enabled="true" level="WARNING" enabled_by_default="true" />
  <inspection_tool class="DuplicatedBlockNamesInspection" enabled="true" level="WARNING" enabled_by_default="true" />
  <inspection_tool class="Duplicates" enabled="true" level="WEAK WARNING" enabled_by_default="true" />
  <inspection_tool class="DynamicallyGeneratedCodeJS" enabled="false" level="WARNING" enabled_by_default="false" />
  <inspection_tool class="ES6BindWithArrowFunction" enabled="true" level="WARNING" enabled_by_default="true" />
  <inspection_tool class="ES6CheckImport" enabled="true" level="WEAK WARNING" enabled_by_default="true" />
  <inspection_tool class="ES6ClassMemberInitializationOrder" enabled="true" level="WARNING" enabled_by_default="true" />
  <inspection_tool class="ES6ConvertModuleExportToExport" enabled="true" level="INFORMATION" enabled_by_default="true" />
  <inspection_tool class="ES6ConvertRequireIntoImport" enabled="true" level="INFORMATION" enabled_by_default="true" />
  <inspection_tool class="ES6ConvertToForOf" enabled="true" level="INFORMATION" enabled_by_default="true" />
  <inspection_tool class="ES6ConvertVarToLetConst" enabled="true" level="WEAK WARNING" enabled_by_default="true" />
  <inspection_tool class="ES6MissingAwait" enabled="true" level="INFORMATION" enabled_by_default="true" />
  <inspection_tool class="ES6ModulesDependencies" enabled="true" level="WEAK WARNING" enabled_by_default="true" />
  <inspection_tool class="ES6PossiblyAsyncFunction" enabled="true" level="WEAK WARNING" enabled_by_default="true" />
  <inspection_tool class="ES6ShorthandObjectProperty" enabled="true" level="INFORMATION" enabled_by_default="true" />
  <inspection_tool class="ES6UnusedImports" enabled="true" level="WARNING" enabled_by_default="true" />
  <inspection_tool class="EditorConfigCharClassLetterRedundancy" enabled="false" level="WARNING" enabled_by_default="false" />
  <inspection_tool class="EditorConfigCharClassRedundancy" enabled="false" level="WARNING" enabled_by_default="false" />
  <inspection_tool class="EditorConfigDeprecatedDescriptor" enabled="false" level="WARNING" enabled_by_default="false" />
  <inspection_tool class="EditorConfigEmptyHeader" enabled="false" level="ERROR" enabled_by_default="false" />
  <inspection_tool class="EditorConfigEmptySection" enabled="false" level="WARNING" enabled_by_default="false" />
  <inspection_tool class="EditorConfigHeaderUniqueness" enabled="false" level="WARNING" enabled_by_default="false" />
  <inspection_tool class="EditorConfigKeyCorrectness" enabled="false" level="WARNING" enabled_by_default="false" />
  <inspection_tool class="EditorConfigListAcceptability" enabled="false" level="ERROR" enabled_by_default="false" />
  <inspection_tool class="EditorConfigMissingRequiredDeclaration" enabled="false" level="ERROR" enabled_by_default="false" />
  <inspection_tool class="EditorConfigNoMatchingFiles" enabled="false" level="WARNING" enabled_by_default="false" />
  <inspection_tool class="EditorConfigNumerousWildcards" enabled="false" level="WEAK WARNING" enabled_by_default="false" />
  <inspection_tool class="EditorConfigOptionRedundancy" enabled="false" level="WARNING" enabled_by_default="false" />
  <inspection_tool class="EditorConfigPairAcceptability" enabled="false" level="ERROR" enabled_by_default="false" />
  <inspection_tool class="EditorConfigPartialOverride" enabled="false" level="WEAK WARNING" enabled_by_default="false" />
  <inspection_tool class="EditorConfigPatternEnumerationRedundancy" enabled="false" level="ERROR" enabled_by_default="false" />
  <inspection_tool class="EditorConfigPatternRedundancy" enabled="false" level="WARNING" enabled_by_default="false" />
  <inspection_tool class="EditorConfigReferenceCorrectness" enabled="false" level="ERROR" enabled_by_default="false" />
  <inspection_tool class="EditorConfigRootDeclarationCorrectness" enabled="false" level="ERROR" enabled_by_default="false" />
  <inspection_tool class="EditorConfigRootDeclarationUniqueness" enabled="false" level="ERROR" enabled_by_default="false" />
  <inspection_tool class="EditorConfigShadowedOption" enabled="false" level="WARNING" enabled_by_default="false" />
  <inspection_tool class="EditorConfigShadowingOption" enabled="false" level="WARNING" enabled_by_default="false" />
  <inspection_tool class="EditorConfigSpaceInHeader" enabled="false" level="WEAK WARNING" enabled_by_default="false" />
  <inspection_tool class="EditorConfigUnexpectedComma" enabled="false" level="ERROR" enabled_by_default="false" />
  <inspection_tool class="EditorConfigUnusedDeclaration" enabled="false" level="WARNING" enabled_by_default="false" />
  <inspection_tool class="EditorConfigValueCorrectness" enabled="false" level="ERROR" enabled_by_default="false" />
  <inspection_tool class="EditorConfigValueUniqueness" enabled="false" level="ERROR" enabled_by_default="false" />
  <inspection_tool class="EditorConfigWildcardRedundancy" enabled="false" level="WARNING" enabled_by_default="false" />
  <inspection_tool class="EmptyCatchBlockJS" enabled="false" level="WARNING" enabled_by_default="false" />
  <inspection_tool class="EmptyEventHandler" enabled="true" level="WARNING" enabled_by_default="true" />
  <inspection_tool class="EmptyFinallyBlockJS" enabled="false" level="WARNING" enabled_by_default="false" />
  <inspection_tool class="EmptyStatementBodyJS" enabled="true" level="WARNING" enabled_by_default="true">
    <option name="m_reportEmptyBlocks" value="false" />
  </inspection_tool>
  <inspection_tool class="EmptyTryBlockJS" enabled="false" level="WARNING" enabled_by_default="false" />
  <inspection_tool class="EndBlockNamesInspection" enabled="true" level="WARNING" enabled_by_default="true" />
  <inspection_tool class="Eslint" enabled="false" level="ERROR" enabled_by_default="false" />
  <inspection_tool class="ExceptionCaughtLocallyJS" enabled="true" level="WARNING" enabled_by_default="true" />
  <inspection_tool class="ExtendsTagPositionInspection" enabled="true" level="WARNING" enabled_by_default="true" />
  <inspection_tool class="FallThroughInSwitchStatementJS" enabled="true" level="WARNING" enabled_by_default="true" />
  <inspection_tool class="FlowJSConfig" enabled="true" level="WARNING" enabled_by_default="true" />
  <inspection_tool class="FlowJSCoverage" enabled="false" level="WEAK WARNING" enabled_by_default="false" />
  <inspection_tool class="FlowJSError" enabled="false" level="ERROR" enabled_by_default="false" />
  <inspection_tool class="FlowJSFlagCommentPlacement" enabled="true" level="WARNING" enabled_by_default="true" />
  <inspection_tool class="ForLoopReplaceableByWhileJS" enabled="false" level="WARNING" enabled_by_default="false">
    <option name="m_ignoreLoopsWithoutConditions" value="false" />
  </inspection_tool>
  <inspection_tool class="ForLoopThatDoesntUseLoopVariableJS" enabled="false" level="WARNING" enabled_by_default="false" />
  <inspection_tool class="FunctionNamingConventionJS" enabled="false" level="WARNING" enabled_by_default="false">
    <option name="m_regex" value="[a-z][A-Za-z]*" />
    <option name="m_minLength" value="4" />
    <option name="m_maxLength" value="32" />
  </inspection_tool>
  <inspection_tool class="FunctionWithInconsistentReturnsJS" enabled="false" level="WARNING" enabled_by_default="false" />
  <inspection_tool class="FunctionWithMultipleLoopsJS" enabled="false" level="WARNING" enabled_by_default="false" />
  <inspection_tool class="FunctionWithMultipleReturnPointsJS" enabled="false" level="WARNING" enabled_by_default="false" />
  <inspection_tool class="GherkinBrokenTableInspection" enabled="true" level="ERROR" enabled_by_default="true" />
  <inspection_tool class="GherkinMisplacedBackground" enabled="true" level="ERROR" enabled_by_default="true" />
  <inspection_tool class="GjsLint" enabled="false" level="WARNING" enabled_by_default="false" />
  <inspection_tool class="HamlNestedTagContent" enabled="true" level="WARNING" enabled_by_default="true" />
  <inspection_tool class="HtmlDeprecatedTag" enabled="true" level="WARNING" enabled_by_default="true" />
  <inspection_tool class="HtmlExtraClosingTag" enabled="true" level="WARNING" enabled_by_default="true" />
  <inspection_tool class="HtmlFormInputWithoutLabel" enabled="true" level="WARNING" enabled_by_default="true" />
  <inspection_tool class="HtmlMissingClosingTag" enabled="true" level="INFORMATION" enabled_by_default="true" />
  <inspection_tool class="HtmlNonExistentInternetResource" enabled="false" level="WARNING" enabled_by_default="false" />
  <inspection_tool class="HtmlPresentationalElement" enabled="true" level="WARNING" enabled_by_default="true" />
  <inspection_tool class="HtmlUnknownAnchorTarget" enabled="true" level="WARNING" enabled_by_default="true" />
  <inspection_tool class="HtmlUnknownAttribute" enabled="true" level="WARNING" enabled_by_default="true">
    <option name="myValues">
      <value>
        <list size="0" />
      </value>
    </option>
    <option name="myCustomValuesEnabled" value="true" />
  </inspection_tool>
  <inspection_tool class="HtmlUnknownBooleanAttribute" enabled="true" level="WARNING" enabled_by_default="true" />
  <inspection_tool class="HtmlUnknownTag" enabled="true" level="WARNING" enabled_by_default="true">
    <option name="myValues">
      <value>
        <list size="6">
          <item index="0" class="java.lang.String" itemvalue="nobr" />
          <item index="1" class="java.lang.String" itemvalue="noembed" />
          <item index="2" class="java.lang.String" itemvalue="comment" />
          <item index="3" class="java.lang.String" itemvalue="noscript" />
          <item index="4" class="java.lang.String" itemvalue="embed" />
          <item index="5" class="java.lang.String" itemvalue="script" />
        </list>
      </value>
    </option>
    <option name="myCustomValuesEnabled" value="true" />
  </inspection_tool>
  <inspection_tool class="HtmlUnknownTarget" enabled="true" level="WARNING" enabled_by_default="true" />
  <inspection_tool class="IfStatementWithIdenticalBranchesJS" enabled="false" level="WARNING" enabled_by_default="false" />
  <inspection_tool class="IfStatementWithTooManyBranchesJS" enabled="false" level="WARNING" enabled_by_default="false">
    <option name="m_limit" value="3" />
  </inspection_tool>
  <inspection_tool class="IgnoreFileDuplicateEntry" enabled="false" level="WARNING" enabled_by_default="false" />
  <inspection_tool class="IncompatibleMaskJS" enabled="true" level="WARNING" enabled_by_default="true" />
  <inspection_tool class="IncompleteProperty" enabled="true" level="ERROR" enabled_by_default="true" />
  <inspection_tool class="InconsistentLineSeparators" enabled="false" level="WARNING" enabled_by_default="false" />
  <inspection_tool class="IncrementDecrementResultUsedJS" enabled="false" level="WARNING" enabled_by_default="false" />
  <inspection_tool class="InfiniteLoopJS" enabled="true" level="WARNING" enabled_by_default="true" />
  <inspection_tool class="InfiniteRecursionJS" enabled="true" level="WARNING" enabled_by_default="true" />
  <inspection_tool class="InjectedReferences" enabled="true" level="ERROR" enabled_by_default="true" />
  <inspection_tool class="InnerHTMLJS" enabled="false" level="WARNING" enabled_by_default="false" />
  <inspection_tool class="JSAccessibilityCheck" enabled="true" level="WARNING" enabled_by_default="true" />
  <inspection_tool class="JSAnnotator" enabled="true" level="ERROR" enabled_by_default="true" />
  <inspection_tool class="JSArrowFunctionBracesCanBeRemoved" enabled="true" level="INFORMATION" enabled_by_default="true" />
  <inspection_tool class="JSBitwiseOperatorUsage" enabled="true" level="WARNING" enabled_by_default="true" />
  <inspection_tool class="JSCheckFunctionSignatures" enabled="true" level="WEAK WARNING" enabled_by_default="true" />
  <inspection_tool class="JSClassNamingConvention" enabled="false" level="WARNING" enabled_by_default="false" />
  <inspection_tool class="JSClosureCompilerSyntax" enabled="true" level="WARNING" enabled_by_default="true" />
  <inspection_tool class="JSCommentMatchesSignature" enabled="true" level="WARNING" enabled_by_default="true" />
  <inspection_tool class="JSComparisonWithNaN" enabled="true" level="WARNING" enabled_by_default="true" />
  <inspection_tool class="JSConsecutiveCommasInArrayLiteral" enabled="true" level="WARNING" enabled_by_default="true" />
  <inspection_tool class="JSConstructorReturnsPrimitive" enabled="true" level="WARNING" enabled_by_default="true" />
  <inspection_tool class="JSDeclarationsAtScopeStart" enabled="false" level="WEAK WARNING" enabled_by_default="false" />
  <inspection_tool class="JSDeprecatedSymbols" enabled="true" level="WEAK WARNING" enabled_by_default="true" />
  <inspection_tool class="JSDuplicatedDeclaration" enabled="true" level="WARNING" enabled_by_default="true" />
  <inspection_tool class="JSEqualityComparisonWithCoercion" enabled="true" level="WARNING" enabled_by_default="true" />
  <inspection_tool class="JSEqualityComparisonWithCoercion.TS" enabled="false" level="WARNING" enabled_by_default="false" />
  <inspection_tool class="JSFileReferences" enabled="true" level="WARNING" enabled_by_default="true" />
  <inspection_tool class="JSFunctionExpressionToArrowFunction" enabled="true" level="INFORMATION" enabled_by_default="true" />
  <inspection_tool class="JSHint" enabled="false" level="ERROR" enabled_by_default="false" />
  <inspection_tool class="JSIgnoredPromiseFromCall" enabled="true" level="WEAK WARNING" enabled_by_default="true" />
  <inspection_tool class="JSJQueryEfficiency" enabled="true" level="WARNING" enabled_by_default="true" />
  <inspection_tool class="JSLastCommaInArrayLiteral" enabled="true" level="WARNING" enabled_by_default="true" />
  <inspection_tool class="JSLastCommaInObjectLiteral" enabled="true" level="WARNING" enabled_by_default="true" />
  <inspection_tool class="JSLint" enabled="false" level="ERROR" enabled_by_default="false" />
  <inspection_tool class="JSMethodCanBeStatic" enabled="true" level="WARNING" enabled_by_default="true" />
  <inspection_tool class="JSMismatchedCollectionQueryUpdate" enabled="true" level="WARNING" enabled_by_default="true">
    <option name="queries" value="trace,write,forEach,length" />
    <option name="updates" value="pop,push,shift,splice,unshift,add,insert,remove" />
  </inspection_tool>
  <inspection_tool class="JSNonASCIINames" enabled="true" level="WARNING" enabled_by_default="true" />
  <inspection_tool class="JSNonStrictModeUsed" enabled="false" level="WARNING" enabled_by_default="false" />
  <inspection_tool class="JSPotentiallyInvalidConstructorUsage" enabled="true" level="WARNING" enabled_by_default="true">
    <option name="myConsiderUppercaseFunctionsToBeConstructors" value="true" />
  </inspection_tool>
  <inspection_tool class="JSPotentiallyInvalidTargetOfIndexedPropertyAccess" enabled="true" level="WARNING" enabled_by_default="true" />
  <inspection_tool class="JSPotentiallyInvalidUsageOfClassThis" enabled="true" level="WARNING" enabled_by_default="true" />
  <inspection_tool class="JSPotentiallyInvalidUsageOfThis" enabled="true" level="WARNING" enabled_by_default="true" />
  <inspection_tool class="JSPrimitiveTypeWrapperUsage" enabled="true" level="WARNING" enabled_by_default="true" />
  <inspection_tool class="JSRedeclarationOfBlockScope" enabled="true" level="ERROR" enabled_by_default="true" />
  <inspection_tool class="JSReferencingArgumentsOutsideOfFunction" enabled="true" level="ERROR" enabled_by_default="true" />
  <inspection_tool class="JSReferencingMutableVariableFromClosure" enabled="true" level="WARNING" enabled_by_default="true" />
  <inspection_tool class="JSRemoveUnnecessaryParentheses" enabled="true" level="INFORMATION" enabled_by_default="true" />
  <inspection_tool class="JSStringConcatenationToES6Template" enabled="true" level="INFORMATION" enabled_by_default="true" />
  <inspection_tool class="JSSuspiciousNameCombination" enabled="true" level="WARNING" enabled_by_default="true">
    <group names="x,width,left,right" />
    <group names="y,height,top,bottom" />
    <exclude classes="Math" />
  </inspection_tool>
  <inspection_tool class="JSTypeOfValues" enabled="true" level="WARNING" enabled_by_default="true" />
  <inspection_tool class="JSUndeclaredVariable" enabled="true" level="WEAK WARNING" enabled_by_default="true" />
  <inspection_tool class="JSUndefinedPropertyAssignment" enabled="true" level="WEAK WARNING" enabled_by_default="true" />
  <inspection_tool class="JSUnfilteredForInLoop" enabled="true" level="WARNING" enabled_by_default="true" />
  <inspection_tool class="JSUnnecessarySemicolon" enabled="true" level="WARNING" enabled_by_default="true" />
  <inspection_tool class="JSUnresolvedExtXType" enabled="true" level="WARNING" enabled_by_default="true" />
  <inspection_tool class="JSUnresolvedFunction" enabled="true" level="WEAK WARNING" enabled_by_default="true" />
  <inspection_tool class="JSUnresolvedLibraryURL" enabled="true" level="WARNING" enabled_by_default="true" />
  <inspection_tool class="JSUnresolvedVariable" enabled="true" level="WEAK WARNING" enabled_by_default="true" />
  <inspection_tool class="JSUnusedAssignment" enabled="true" level="WARNING" enabled_by_default="true" />
  <inspection_tool class="JSUnusedGlobalSymbols" enabled="true" level="WARNING" enabled_by_default="true" />
  <inspection_tool class="JSUnusedLocalSymbols" enabled="true" level="WARNING" enabled_by_default="true" />
  <inspection_tool class="JSValidateJSDoc" enabled="true" level="WARNING" enabled_by_default="true" />
  <inspection_tool class="JSValidateTypes" enabled="true" level="WEAK WARNING" enabled_by_default="true" />
  <inspection_tool class="JSXNamespaceValidation" enabled="true" level="WEAK WARNING" enabled_by_default="true" />
  <inspection_tool class="Jscs" enabled="false" level="ERROR" enabled_by_default="false" />
  <inspection_tool class="Json5StandardCompliance" enabled="true" level="ERROR" enabled_by_default="true" />
  <inspection_tool class="JsonDuplicatePropertyKeys" enabled="true" level="WARNING" enabled_by_default="true" />
  <inspection_tool class="JsonSchemaCompliance" enabled="true" level="WARNING" enabled_by_default="true" />
  <inspection_tool class="JsonSchemaDeprecation" enabled="false" level="WEAK WARNING" enabled_by_default="false" />
  <inspection_tool class="JsonSchemaRefReference" enabled="false" level="WARNING" enabled_by_default="false" />
  <inspection_tool class="JsonStandardCompliance" enabled="true" level="ERROR" enabled_by_default="true" />
  <inspection_tool class="LabeledStatementJS" enabled="false" level="WARNING" enabled_by_default="false" />
  <inspection_tool class="LessResolvedByNameOnly" enabled="true" level="WEAK WARNING" enabled_by_default="true" />
  <inspection_tool class="LessUnresolvedMixin" enabled="true" level="WARNING" enabled_by_default="true" />
  <inspection_tool class="LessUnresolvedVariable" enabled="true" level="WARNING" enabled_by_default="true" />
  <inspection_tool class="LocalVariableNamingConventionJS" enabled="false" level="WARNING" enabled_by_default="false">
    <option name="m_regex" value="[a-z][A-Za-z]*" />
    <option name="m_minLength" value="1" />
    <option name="m_maxLength" value="32" />
  </inspection_tool>
  <inspection_tool class="LongLine" enabled="false" level="WARNING" enabled_by_default="false" />
  <inspection_tool class="LoopStatementThatDoesntLoopJS" enabled="true" level="WARNING" enabled_by_default="true" />
  <inspection_tool class="LossyEncoding" enabled="true" level="WARNING" enabled_by_default="true" />
  <inspection_tool class="MagicNumberJS" enabled="false" level="WARNING" enabled_by_default="false" />
  <inspection_tool class="MakoArgumentListInspection" enabled="true" level="WARNING" enabled_by_default="true" />
  <inspection_tool class="MarkdownUnresolvedFileReference" enabled="true" level="WARNING" enabled_by_default="true" />
  <inspection_tool class="MysqlParsingInspection" enabled="true" level="WARNING" enabled_by_default="true" />
  <inspection_tool class="NegatedConditionalExpressionJS" enabled="false" level="WARNING" enabled_by_default="false" />
  <inspection_tool class="NegatedIfStatementJS" enabled="false" level="WARNING" enabled_by_default="false" />
  <inspection_tool class="NestedAssignmentJS" enabled="false" level="WARNING" enabled_by_default="false" />
  <inspection_tool class="NestedConditionalExpressionJS" enabled="false" level="WARNING" enabled_by_default="false" />
  <inspection_tool class="NestedFunctionCallJS" enabled="false" level="WARNING" enabled_by_default="false" />
  <inspection_tool class="NestedFunctionJS" enabled="false" level="WARNING" enabled_by_default="false">
    <option name="m_includeAnonymousFunctions" value="false" />
  </inspection_tool>
  <inspection_tool class="NestedSwitchStatementJS" enabled="false" level="WARNING" enabled_by_default="false" />
  <inspection_tool class="NestingDepthJS" enabled="false" level="WARNING" enabled_by_default="false">
    <option name="m_limit" value="5" />
  </inspection_tool>
  <inspection_tool class="NodeModulesDependencies" enabled="true" level="WEAK WARNING" enabled_by_default="true" />
  <inspection_tool class="NonAsciiCharacters" enabled="true" level="WARNING" enabled_by_default="true" />
  <inspection_tool class="NonBlockStatementBodyJS" enabled="false" level="WARNING" enabled_by_default="false" />
  <inspection_tool class="NonShortCircuitBooleanExpressionJS" enabled="false" level="WARNING" enabled_by_default="false" />
  <inspection_tool class="NpmUsedModulesInstalled" enabled="true" level="WEAK WARNING" enabled_by_default="true" />
  <inspection_tool class="ObjectAllocationIgnoredJS" enabled="false" level="WARNING" enabled_by_default="false" />
  <inspection_tool class="OctalIntegerJS" enabled="true" level="WARNING" enabled_by_default="true" />
  <inspection_tool class="OverlyComplexArithmeticExpressionJS" enabled="false" level="WARNING" enabled_by_default="false">
    <option name="m_limit" value="6" />
  </inspection_tool>
  <inspection_tool class="OverlyComplexBooleanExpressionJS" enabled="false" level="WARNING" enabled_by_default="false">
    <option name="m_limit" value="3" />
  </inspection_tool>
  <inspection_tool class="PackageJsonMismatchedDependency" enabled="true" level="WARNING" enabled_by_default="true" />
  <inspection_tool class="ParameterNamingConventionJS" enabled="false" level="WARNING" enabled_by_default="false">
    <option name="m_regex" value="[a-z][A-Za-z]*" />
    <option name="m_minLength" value="1" />
    <option name="m_maxLength" value="32" />
  </inspection_tool>
  <inspection_tool class="ParametersPerFunctionJS" enabled="false" level="WARNING" enabled_by_default="false">
    <option name="m_limit" value="5" />
  </inspection_tool>
  <inspection_tool class="PlatformDetectionJS" enabled="false" level="WARNING" enabled_by_default="false" />
  <inspection_tool class="PointlessArithmeticExpressionJS" enabled="true" level="WARNING" enabled_by_default="true" />
  <inspection_tool class="PointlessBitwiseExpressionJS" enabled="true" level="WARNING" enabled_by_default="true">
    <option name="m_ignoreExpressionsContainingConstants" value="false" />
  </inspection_tool>
  <inspection_tool class="PointlessBooleanExpressionJS" enabled="true" level="WARNING" enabled_by_default="true" />
  <inspection_tool class="ProblematicWhitespace" enabled="false" level="WARNING" enabled_by_default="false" />
  <inspection_tool class="Puppet3Deprecations" enabled="true" level="WARNING" enabled_by_default="true" />
  <inspection_tool class="Puppet4Deprecations" enabled="true" level="WARNING" enabled_by_default="true" />
  <inspection_tool class="PuppetMultipleHashSetParamsPerResourceInstance" enabled="true" level="ERROR" enabled_by_default="true" />
  <inspection_tool class="PuppetUnresolved" enabled="true" level="WARNING" enabled_by_default="true" />
  <inspection_tool class="PyAbstractClassInspection" enabled="false" level="WEAK WARNING" enabled_by_default="false" />
  <inspection_tool class="PyArgumentEqualDefaultInspection" enabled="false" level="WEAK WARNING" enabled_by_default="false" />
  <inspection_tool class="PyArgumentListInspection" enabled="false" level="WARNING" enabled_by_default="false" />
  <inspection_tool class="PyAssignmentToLoopOrWithParameterInspection" enabled="false" level="WEAK WARNING" enabled_by_default="false" />
  <inspection_tool class="PyAsyncCallInspection" enabled="false" level="WARNING" enabled_by_default="false" />
  <inspection_tool class="PyAttributeOutsideInitInspection" enabled="false" level="WEAK WARNING" enabled_by_default="false" />
  <inspection_tool class="PyAugmentAssignmentInspection" enabled="false" level="WEAK WARNING" enabled_by_default="false" />
  <inspection_tool class="PyBDDParametersInspection" enabled="false" level="WARNING" enabled_by_default="false" />
  <inspection_tool class="PyBehaveInspection" enabled="false" level="WARNING" enabled_by_default="false" />
  <inspection_tool class="PyBroadExceptionInspection" enabled="false" level="WEAK WARNING" enabled_by_default="false" />
  <inspection_tool class="PyByteLiteralInspection" enabled="false" level="WARNING" enabled_by_default="false" />
  <inspection_tool class="PyCallByClassInspection" enabled="false" level="WEAK WARNING" enabled_by_default="false" />
  <inspection_tool class="PyCallingNonCallableInspection" enabled="false" level="WARNING" enabled_by_default="false" />
  <inspection_tool class="PyChainedComparisonsInspection" enabled="false" level="WEAK WARNING" enabled_by_default="false" />
  <inspection_tool class="PyClassHasNoInitInspection" enabled="false" level="WEAK WARNING" enabled_by_default="false" />
  <inspection_tool class="PyClassicStyleClassInspection" enabled="false" level="WARNING" enabled_by_default="false" />
  <inspection_tool class="PyComparisonWithNoneInspection" enabled="false" level="WEAK WARNING" enabled_by_default="false" />
  <inspection_tool class="PyCompatibilityInspection" enabled="false" level="WARNING" enabled_by_default="false">
    <option name="ourVersions">
      <value>
        <list size="2">
          <item index="0" class="java.lang.String" itemvalue="2.7" />
          <item index="1" class="java.lang.String" itemvalue="3.7" />
        </list>
      </value>
    </option>
  </inspection_tool>
  <inspection_tool class="PyDataclassInspection" enabled="false" level="WARNING" enabled_by_default="false" />
  <inspection_tool class="PyDecoratorInspection" enabled="false" level="WARNING" enabled_by_default="false" />
  <inspection_tool class="PyDefaultArgumentInspection" enabled="false" level="WARNING" enabled_by_default="false" />
  <inspection_tool class="PyDeprecationInspection" enabled="false" level="WARNING" enabled_by_default="false" />
  <inspection_tool class="PyDictCreationInspection" enabled="false" level="WEAK WARNING" enabled_by_default="false" />
  <inspection_tool class="PyDictDuplicateKeysInspection" enabled="false" level="WARNING" enabled_by_default="false" />
  <inspection_tool class="PyDocstringTypesInspection" enabled="false" level="WEAK WARNING" enabled_by_default="false" />
  <inspection_tool class="PyDunderSlotsInspection" enabled="false" level="WARNING" enabled_by_default="false" />
  <inspection_tool class="PyExceptClausesOrderInspection" enabled="false" level="WARNING" enabled_by_default="false" />
  <inspection_tool class="PyExceptionInheritInspection" enabled="false" level="WARNING" enabled_by_default="false" />
  <inspection_tool class="PyFinalInspection" enabled="false" level="WARNING" enabled_by_default="false" />
  <inspection_tool class="PyFromFutureImportInspection" enabled="false" level="WARNING" enabled_by_default="false" />
  <inspection_tool class="PyGlobalUndefinedInspection" enabled="false" level="WEAK WARNING" enabled_by_default="false" />
  <inspection_tool class="PyInconsistentIndentationInspection" enabled="false" level="WARNING" enabled_by_default="false" />
  <inspection_tool class="PyIncorrectDocstringInspection" enabled="false" level="WEAK WARNING" enabled_by_default="false" />
  <inspection_tool class="PyInitNewSignatureInspection" enabled="false" level="WARNING" enabled_by_default="false" />
  <inspection_tool class="PyInterpreterInspection" enabled="false" level="WARNING" enabled_by_default="false" />
  <inspection_tool class="PyListCreationInspection" enabled="false" level="WEAK WARNING" enabled_by_default="false" />
  <inspection_tool class="PyMandatoryEncodingInspection" enabled="false" level="WARNING" enabled_by_default="false" />
  <inspection_tool class="PyMethodFirstArgAssignmentInspection" enabled="false" level="WARNING" enabled_by_default="false" />
  <inspection_tool class="PyMethodMayBeStaticInspection" enabled="false" level="WEAK WARNING" enabled_by_default="false" />
  <inspection_tool class="PyMethodOverridingInspection" enabled="false" level="WARNING" enabled_by_default="false" />
  <inspection_tool class="PyMethodParametersInspection" enabled="false" level="WEAK WARNING" enabled_by_default="false" />
  <inspection_tool class="PyMissingConstructorInspection" enabled="false" level="WARNING" enabled_by_default="false" />
  <inspection_tool class="PyMissingOrEmptyDocstringInspection" enabled="false" level="WEAK WARNING" enabled_by_default="false" />
  <inspection_tool class="PyMissingTypeHintsInspection" enabled="false" level="WEAK WARNING" enabled_by_default="false" />
  <inspection_tool class="PyNamedTupleInspection" enabled="false" level="WARNING" enabled_by_default="false" />
  <inspection_tool class="PyNestedDecoratorsInspection" enabled="false" level="WEAK WARNING" enabled_by_default="false" />
  <inspection_tool class="PyNonAsciiCharInspection" enabled="false" level="WARNING" enabled_by_default="false" />
  <inspection_tool class="PyNoneFunctionAssignmentInspection" enabled="false" level="WEAK WARNING" enabled_by_default="false" />
  <inspection_tool class="PyOldStyleClassesInspection" enabled="false" level="WARNING" enabled_by_default="false" />
  <inspection_tool class="PyOverloadsInspection" enabled="false" level="WARNING" enabled_by_default="false" />
  <inspection_tool class="PyPackageRequirementsInspection" enabled="false" level="WARNING" enabled_by_default="false">
    <option name="ignoredPackages">
      <value>
        <list size="0" />
      </value>
    </option>
  </inspection_tool>
  <inspection_tool class="PyPep8Inspection" enabled="false" level="WEAK WARNING" enabled_by_default="false" />
  <inspection_tool class="PyPep8NamingInspection" enabled="false" level="WEAK WARNING" enabled_by_default="false" />
  <inspection_tool class="PyPropertyAccessInspection" enabled="false" level="WARNING" enabled_by_default="false" />
  <inspection_tool class="PyPropertyDefinitionInspection" enabled="false" level="WARNING" enabled_by_default="false" />
  <inspection_tool class="PyProtectedMemberInspection" enabled="false" level="WEAK WARNING" enabled_by_default="false" />
  <inspection_tool class="PyProtocolInspection" enabled="false" level="WARNING" enabled_by_default="false" />
  <inspection_tool class="PyRedeclarationInspection" enabled="false" level="WARNING" enabled_by_default="false" />
  <inspection_tool class="PyRedundantParenthesesInspection" enabled="false" level="WEAK WARNING" enabled_by_default="false" />
  <inspection_tool class="PyReturnFromInitInspection" enabled="false" level="WARNING" enabled_by_default="false" />
  <inspection_tool class="PySetFunctionToLiteralInspection" enabled="false" level="WARNING" enabled_by_default="false" />
  <inspection_tool class="PyShadowingBuiltinsInspection" enabled="false" level="WEAK WARNING" enabled_by_default="false" />
  <inspection_tool class="PyShadowingNamesInspection" enabled="false" level="WEAK WARNING" enabled_by_default="false" />
  <inspection_tool class="PySimplifyBooleanCheckInspection" enabled="false" level="WEAK WARNING" enabled_by_default="false" />
  <inspection_tool class="PySingleQuotedDocstringInspection" enabled="false" level="WEAK WARNING" enabled_by_default="false" />
  <inspection_tool class="PyStatementEffectInspection" enabled="false" level="WARNING" enabled_by_default="false" />
  <inspection_tool class="PyStringExceptionInspection" enabled="false" level="ERROR" enabled_by_default="false" />
  <inspection_tool class="PyStringFormatInspection" enabled="false" level="WARNING" enabled_by_default="false" />
  <inspection_tool class="PyStubPackagesAdvertiser" enabled="false" level="WARNING" enabled_by_default="false" />
  <inspection_tool class="PyStubPackagesCompatibilityInspection" enabled="false" level="WARNING" enabled_by_default="false" />
  <inspection_tool class="PySuperArgumentsInspection" enabled="false" level="WARNING" enabled_by_default="false" />
  <inspection_tool class="PyTestParametrizedInspection" enabled="false" level="WARNING" enabled_by_default="false" />
  <inspection_tool class="PyTrailingSemicolonInspection" enabled="false" level="WARNING" enabled_by_default="false" />
  <inspection_tool class="PyTupleAssignmentBalanceInspection" enabled="false" level="WARNING" enabled_by_default="false" />
  <inspection_tool class="PyTupleItemAssignmentInspection" enabled="false" level="WARNING" enabled_by_default="false" />
  <inspection_tool class="PyTypeCheckerInspection" enabled="false" level="WARNING" enabled_by_default="false" />
  <inspection_tool class="PyTypeHintsInspection" enabled="false" level="WARNING" enabled_by_default="false" />
  <inspection_tool class="PyTypedDictInspection" enabled="false" level="WARNING" enabled_by_default="false" />
  <inspection_tool class="PyUnboundLocalVariableInspection" enabled="false" level="WARNING" enabled_by_default="false" />
  <inspection_tool class="PyUnnecessaryBackslashInspection" enabled="false" level="WARNING" enabled_by_default="false" />
  <inspection_tool class="PyUnreachableCodeInspection" enabled="false" level="WARNING" enabled_by_default="false" />
  <inspection_tool class="PyUnresolvedReferencesInspection" enabled="false" level="WARNING" enabled_by_default="false" />
  <inspection_tool class="PyUnusedLocalInspection" enabled="false" level="WEAK WARNING" enabled_by_default="false" />
  <inspection_tool class="PyramidSetupInspection" enabled="true" level="WARNING" enabled_by_default="true" />
  <inspection_tool class="Query_bound_parameters" enabled="true" level="WARNING" enabled_by_default="true" />
  <inspection_tool class="Query_index_required" enabled="true" level="WARNING" enabled_by_default="true" />
  <inspection_tool class="Query_restricted" enabled="true" level="WARNING" enabled_by_default="true" />
  <inspection_tool class="RedundantSuppression" enabled="false" level="WARNING" enabled_by_default="false" />
  <inspection_tool class="RegExpAnonymousGroup" enabled="false" level="WARNING" enabled_by_default="false" />
  <inspection_tool class="RegExpDuplicateAlternationBranch" enabled="true" level="WARNING" enabled_by_default="true" />
  <inspection_tool class="RegExpDuplicateCharacterInClass" enabled="false" level="WARNING" enabled_by_default="false" />
  <inspection_tool class="RegExpEmptyAlternationBranch" enabled="true" level="WARNING" enabled_by_default="true" />
  <inspection_tool class="RegExpEscapedMetaCharacter" enabled="true" level="INFORMATION" enabled_by_default="true" />
  <inspection_tool class="RegExpOctalEscape" enabled="true" level="INFORMATION" enabled_by_default="true" />
  <inspection_tool class="RegExpRedundantEscape" enabled="true" level="WARNING" enabled_by_default="true" />
  <inspection_tool class="RegExpRedundantNestedCharacterClass" enabled="false" level="WARNING" enabled_by_default="false" />
  <inspection_tool class="RegExpRepeatedSpace" enabled="true" level="WARNING" enabled_by_default="true" />
  <inspection_tool class="RegExpSingleCharAlternation" enabled="true" level="WARNING" enabled_by_default="true" />
  <inspection_tool class="RegExpUnexpectedAnchor" enabled="true" level="WARNING" enabled_by_default="true" />
  <inspection_tool class="ReplaceAssignmentWithOperatorAssignmentJS" enabled="false" level="WARNING" enabled_by_default="false" />
  <inspection_tool class="RequiredAttributes" enabled="true" level="WARNING" enabled_by_default="true">
    <option name="myAdditionalRequiredHtmlAttributes" value="" />
  </inspection_tool>
  <inspection_tool class="ReservedWordUsedAsNameJS" enabled="true" level="WARNING" enabled_by_default="true" />
  <inspection_tool class="RestRoleInspection" enabled="false" level="WARNING" enabled_by_default="false">
    <option name="ignoredRoles">
      <value>
        <list size="0" />
      </value>
    </option>
  </inspection_tool>
  <inspection_tool class="Restricted_Python_calls" enabled="true" level="WARNING" enabled_by_default="true" />
  <inspection_tool class="ReturnFromFinallyBlockJS" enabled="true" level="WARNING" enabled_by_default="true" />
  <inspection_tool class="ReuseOfLocalVariableJS" enabled="false" level="WARNING" enabled_by_default="false" />
  <inspection_tool class="SSBasedInspection" enabled="false" level="WARNING" enabled_by_default="false" />
  <inspection_tool class="SassScssResolvedByNameOnly" enabled="true" level="WEAK WARNING" enabled_by_default="true" />
  <inspection_tool class="SassScssUnresolvedMixin" enabled="true" level="WARNING" enabled_by_default="true" />
  <inspection_tool class="SassScssUnresolvedPlaceholderSelector" enabled="true" level="WARNING" enabled_by_default="true" />
  <inspection_tool class="SassScssUnresolvedVariable" enabled="true" level="WARNING" enabled_by_default="true" />
  <inspection_tool class="ShellCheck" enabled="false" level="ERROR" enabled_by_default="false" />
  <inspection_tool class="ShiftOutOfRangeJS" enabled="true" level="WARNING" enabled_by_default="true" />
  <inspection_tool class="SillyAssignmentJS" enabled="true" level="WARNING" enabled_by_default="true" />
  <inspection_tool class="SpellCheckingInspection" enabled="true" level="TYPO" enabled_by_default="true">
    <option name="processCode" value="true" />
    <option name="processLiterals" value="true" />
    <option name="processComments" value="true" />
  </inspection_tool>
  <inspection_tool class="SqlAddNotNullColumnInspection" enabled="true" level="WARNING" enabled_by_default="true" />
  <inspection_tool class="SqlAmbiguousColumnInspection" enabled="true" level="WARNING" enabled_by_default="true" />
  <inspection_tool class="SqlAutoIncrementDuplicateInspection" enabled="true" level="WARNING" enabled_by_default="true" />
  <inspection_tool class="SqlCheckUsingColumnsInspection" enabled="true" level="WARNING" enabled_by_default="true" />
  <inspection_tool class="SqlConstantConditionInspection" enabled="true" level="WARNING" enabled_by_default="true" />
  <inspection_tool class="SqlDeprecateTypeInspection" enabled="true" level="WARNING" enabled_by_default="true" />
  <inspection_tool class="SqlDerivedTableAliasInspection" enabled="true" level="WARNING" enabled_by_default="true" />
  <inspection_tool class="SqlDialectInspection" enabled="true" level="WARNING" enabled_by_default="true" />
  <inspection_tool class="SqlDropIndexedColumnInspection" enabled="true" level="WARNING" enabled_by_default="true" />
  <inspection_tool class="SqlIdentifierInspection" enabled="true" level="WARNING" enabled_by_default="true" />
  <inspection_tool class="SqlInsertValuesInspection" enabled="true" level="WARNING" enabled_by_default="true" />
  <inspection_tool class="SqlNoDataSourceInspection" enabled="true" level="WARNING" enabled_by_default="true" />
  <inspection_tool class="SqlNullComparisonInspection" enabled="true" level="WARNING" enabled_by_default="true" />
  <inspection_tool class="SqlPostgresqlSelectFromProcedureInspection" enabled="true" level="WARNING" enabled_by_default="true" />
  <inspection_tool class="SqlResolveInspection" enabled="true" level="WARNING" enabled_by_default="true" />
  <inspection_tool class="SqlShouldBeInGroupByInspection" enabled="true" level="WARNING" enabled_by_default="true" />
  <inspection_tool class="SqlSideEffectsInspection" enabled="true" level="WARNING" enabled_by_default="true" />
  <inspection_tool class="SqlSignatureInspection" enabled="true" level="WARNING" enabled_by_default="true" />
  <inspection_tool class="SqlStorageInspection" enabled="true" level="WARNING" enabled_by_default="true" />
  <inspection_tool class="SqlTypeInspection" enabled="true" level="WARNING" enabled_by_default="true" />
  <inspection_tool class="SqlUnusedVariableInspection" enabled="true" level="WARNING" enabled_by_default="true" />
  <inspection_tool class="StandardJS" enabled="false" level="ERROR" enabled_by_default="false" />
  <inspection_tool class="StatementsPerFunctionJS" enabled="false" level="WARNING" enabled_by_default="false">
    <option name="m_limit" value="30" />
  </inspection_tool>
  <inspection_tool class="StringLiteralBreaksHTMLJS" enabled="false" level="WARNING" enabled_by_default="false" />
  <inspection_tool class="Stylelint" enabled="false" level="ERROR" enabled_by_default="false" />
  <inspection_tool class="SuspiciousInstanceOfGuard" enabled="true" level="WARNING" enabled_by_default="true" />
  <inspection_tool class="SuspiciousTypeOfGuard" enabled="true" level="WARNING" enabled_by_default="true" />
  <inspection_tool class="SwitchStatementWithNoDefaultBranchJS" enabled="false" level="WARNING" enabled_by_default="false" />
  <inspection_tool class="SyntaxError" enabled="true" level="ERROR" enabled_by_default="true" />
  <inspection_tool class="TailRecursionJS" enabled="false" level="WARNING" enabled_by_default="false" />
  <inspection_tool class="TaskProblemsInspection" enabled="true" level="WEAK WARNING" enabled_by_default="true" />
  <inspection_tool class="TextLabelInSwitchStatementJS" enabled="false" level="WARNING" enabled_by_default="false" />
  <inspection_tool class="ThisExpressionReferencesGlobalObjectJS" enabled="true" level="WARNING" enabled_by_default="true" />
  <inspection_tool class="ThreeNegationsPerFunctionJS" enabled="false" level="WARNING" enabled_by_default="false" />
  <inspection_tool class="ThrowFromFinallyBlockJS" enabled="true" level="WARNING" enabled_by_default="true" />
  <inspection_tool class="TodoComment" enabled="false" level="WARNING" enabled_by_default="false" />
  <inspection_tool class="TrailingSpacesInProperty" enabled="true" level="WARNING" enabled_by_default="true" />
  <inspection_tool class="TrivialConditionalJS" enabled="true" level="WARNING" enabled_by_default="true" />
  <inspection_tool class="TrivialIfJS" enabled="true" level="WARNING" enabled_by_default="true" />
  <inspection_tool class="TsLint" enabled="false" level="ERROR" enabled_by_default="false" />
  <inspection_tool class="TypeScriptAbstractClassConstructorCanBeMadeProtected" enabled="true" level="WEAK WARNING" enabled_by_default="true" />
  <inspection_tool class="TypeScriptAccessibilityCheck" enabled="true" level="WEAK WARNING" enabled_by_default="true" />
  <inspection_tool class="TypeScriptCheckImport" enabled="true" level="ERROR" enabled_by_default="true" />
  <inspection_tool class="TypeScriptConfig" enabled="true" level="WARNING" enabled_by_default="true" />
  <inspection_tool class="TypeScriptFieldCanBeMadeReadonly" enabled="true" level="WEAK WARNING" enabled_by_default="true" />
  <inspection_tool class="TypeScriptMissingAugmentationImport" enabled="true" level="INFORMATION" enabled_by_default="true" />
  <inspection_tool class="TypeScriptPreferShortImport" enabled="true" level="WARNING" enabled_by_default="true" />
  <inspection_tool class="TypeScriptSuspiciousConstructorParameterAssignment" enabled="true" level="WARNING" enabled_by_default="true" />
  <inspection_tool class="TypeScriptUMDGlobal" enabled="true" level="WEAK WARNING" enabled_by_default="true" />
  <inspection_tool class="TypeScriptUnresolvedFunction" enabled="true" level="WEAK WARNING" enabled_by_default="true" />
  <inspection_tool class="TypeScriptUnresolvedVariable" enabled="true" level="WEAK WARNING" enabled_by_default="true" />
  <inspection_tool class="TypeScriptValidateJSTypes" enabled="true" level="WEAK WARNING" enabled_by_default="true" />
  <inspection_tool class="TypeScriptValidateTypes" enabled="true" level="ERROR" enabled_by_default="true" />
  <inspection_tool class="TypescriptExplicitMemberType" enabled="true" level="INFORMATION" enabled_by_default="true" />
  <inspection_tool class="UnnecessaryContinueJS" enabled="true" level="WARNING" enabled_by_default="true" />
  <inspection_tool class="UnnecessaryLabelJS" enabled="true" level="WARNING" enabled_by_default="true" />
  <inspection_tool class="UnnecessaryLabelOnBreakStatementJS" enabled="true" level="WARNING" enabled_by_default="true" />
  <inspection_tool class="UnnecessaryLabelOnContinueStatementJS" enabled="true" level="WARNING" enabled_by_default="true" />
  <inspection_tool class="UnnecessaryLocalVariableJS" enabled="true" level="WARNING" enabled_by_default="true">
    <option name="m_ignoreImmediatelyReturnedVariables" value="false" />
    <option name="m_ignoreAnnotatedVariables" value="false" />
  </inspection_tool>
  <inspection_tool class="UnnecessaryReturnJS" enabled="true" level="WARNING" enabled_by_default="true" />
  <inspection_tool class="UnreachableCodeJS" enabled="true" level="WARNING" enabled_by_default="true" />
  <inspection_tool class="UnresolvedReference" enabled="true" level="ERROR" enabled_by_default="true" />
  <inspection_tool class="UnterminatedStatementJS" enabled="true" level="WARNING" enabled_by_default="true">
    <option name="ignoreSemicolonAtEndOfBlock" value="true" />
  </inspection_tool>
  <inspection_tool class="UnusedCatchParameterJS" enabled="false" level="WARNING" enabled_by_default="false">
    <option name="m_ignoreCatchBlocksWithComments" value="false" />
  </inspection_tool>
  <inspection_tool class="UnusedDefine" enabled="false" level="WARNING" enabled_by_default="false" />
  <inspection_tool class="UnusedProperty" enabled="true" level="WARNING" enabled_by_default="true" />
  <inspection_tool class="VoidExpressionJS" enabled="false" level="WARNING" enabled_by_default="false" />
  <inspection_tool class="WebpackConfigHighlighting" enabled="true" level="WARNING" enabled_by_default="true" />
  <inspection_tool class="WithStatementJS" enabled="true" level="WARNING" enabled_by_default="true" />
  <inspection_tool class="WrongPropertyKeyValueDelimiter" enabled="true" level="WEAK WARNING" enabled_by_default="true" />
  <inspection_tool class="XHTMLIncompatabilitiesJS" enabled="false" level="WARNING" enabled_by_default="false" />
  <inspection_tool class="XmlDefaultAttributeValue" enabled="true" level="WARNING" enabled_by_default="true" />
  <inspection_tool class="XmlDeprecatedElement" enabled="false" level="WARNING" enabled_by_default="false" />
  <inspection_tool class="XmlDuplicatedId" enabled="true" level="ERROR" enabled_by_default="true" />
  <inspection_tool class="XmlHighlighting" enabled="true" level="ERROR" enabled_by_default="true" />
  <inspection_tool class="XmlInvalidId" enabled="true" level="ERROR" enabled_by_default="true" />
  <inspection_tool class="XmlPathReference" enabled="true" level="ERROR" enabled_by_default="true" />
  <inspection_tool class="XmlUnboundNsPrefix" enabled="true" level="WARNING" enabled_by_default="true" />
  <inspection_tool class="XmlUnusedNamespaceDeclaration" enabled="true" level="WARNING" enabled_by_default="true" />
  <inspection_tool class="XmlWrongRootElement" enabled="true" level="ERROR" enabled_by_default="true" />
  <inspection_tool class="YAMLDuplicatedKeys" enabled="true" level="ERROR" enabled_by_default="true" />
  <inspection_tool class="YAMLRecursiveAlias" enabled="true" level="ERROR" enabled_by_default="true" />
  <inspection_tool class="YAMLSchemaDeprecation" enabled="false" level="WEAK WARNING" enabled_by_default="false" />
  <inspection_tool class="YAMLSchemaValidation" enabled="true" level="WARNING" enabled_by_default="true" />
  <inspection_tool class="YAMLUnresolvedAlias" enabled="true" level="ERROR" enabled_by_default="true" />
  <inspection_tool class="YAMLUnusedAnchor" enabled="true" level="WARNING" enabled_by_default="true" />
</profile>